{
  "execution": [
    {
      "size": 10,
      "fastest": {
        "mean": 0.4681935199991131,
        "median": 0.46761269999842625,
        "min": 0.4636181999994733,
        "max": 0.47506330000032904,
        "stdev": 0.004605786106743431,
        "raw": [
          0.46761269999842625,
          0.47506330000032904,
          0.4636181999994733,
          0.46460539999861794,
          0.47006799999871873
        ]
      },
      "pytest": {
        "mean": 0.38986517999983333,
        "median": 0.39150969999900553,
        "min": 0.370130600000266,
        "max": 0.4075009999996837,
        "stdev": 0.01336105740900877,
        "raw": [
          0.370130600000266,
          0.39150969999900553,
          0.3924148000005516,
          0.4075009999996837,
          0.3877697999996599
        ]
      },
      "speedup": 0.83
    },
    {
      "size": 50,
      "fastest": {
        "mean": 1.7226320799996757,
        "median": 1.7199282999990828,
        "min": 1.6927527999996528,
        "max": 1.7512167999993835,
        "stdev": 0.02493096156332188,
        "raw": [
          1.7051241999997728,
          1.7512167999993835,
          1.7441383000004862,
          1.7199282999990828,
          1.6927527999996528
        ]
      },
      "pytest": {
        "mean": 0.3930451599997468,
        "median": 0.39402919999884034,
        "min": 0.383730800000194,
        "max": 0.40045149999969,
        "stdev": 0.0067023341953927834,
        "raw": [
          0.40045149999969,
          0.383730800000194,
          0.39402919999884034,
          0.397789600001488,
          0.38922469999852183
        ]
      },
      "speedup": 0.23
    },
    {
      "size": 100,
      "fastest": {
        "mean": 1.7276507200003834,
        "median": 1.7304038999991462,
        "min": 1.707375800000591,
        "max": 1.7398477000006096,
        "stdev": 0.013493485069282881,
        "raw": [
          1.7398477000006096,
          1.7304038999991462,
          1.7388776000007056,
          1.707375800000591,
          1.7217486000008648
        ]
      },
      "pytest": {
        "mean": 0.4100916600000346,
        "median": 0.4099623000001884,
        "min": 0.3892906999990373,
        "max": 0.4324047000009159,
        "stdev": 0.017764025666996638,
        "raw": [
          0.4099623000001884,
          0.4324047000009159,
          0.42225949999919976,
          0.39654110000083165,
          0.3892906999990373
        ]
      },
      "speedup": 0.24
    },
    {
      "size": 250,
      "fastest": {
        "mean": 1.7424534600002517,
        "median": 1.7413089000001492,
        "min": 1.7116650999996637,
        "max": 1.7709990999992442,
        "stdev": 0.024318277382912472,
        "raw": [
          1.7413089000001492,
          1.7614053000015701,
          1.7116650999996637,
          1.726888900000631,
          1.7709990999992442
        ]
      },
      "pytest": {
        "mean": 0.4667126199998165,
        "median": 0.46546909999960917,
        "min": 0.46095729999979085,
        "max": 0.4728869999999006,
        "stdev": 0.0044418281043540125,
        "raw": [
          0.46542389999922307,
          0.4728869999999006,
          0.46882580000055896,
          0.46546909999960917,
          0.46095729999979085
        ]
      },
      "speedup": 0.27
    },
    {
      "size": 500,
      "fastest": {
        "mean": 1.7584682799999427,
        "median": 1.7576537999993889,
        "min": 1.7407983000011882,
        "max": 1.7822181999999884,
        "stdev": 0.015323434059298924,
        "raw": [
          1.76075579999997,
          1.7509152999991784,
          1.7407983000011882,
          1.7576537999993889,
          1.7822181999999884
        ]
      },
      "pytest": {
        "mean": 0.5707496800001536,
        "median": 0.5711765999985801,
        "min": 0.5455465000013646,
        "max": 0.5904950000003737,
        "stdev": 0.016356808453111178,
        "raw": [
          0.5772816999997303,
          0.5904950000003737,
          0.5692486000007193,
          0.5455465000013646,
          0.5711765999985801
        ]
      },
      "speedup": 0.32
    },
    {
      "size": 1000,
      "fastest": {
        "mean": 1.8195033000003604,
        "median": 1.8312586000010924,
        "min": 1.7924302999999782,
        "max": 1.8479447000008804,
        "stdev": 0.024819420663749123,
        "raw": [
          1.8479447000008804,
          1.8312586000010924,
          1.831620999999359,
          1.7942619000004925,
          1.7924302999999782
        ]
      },
      "pytest": {
        "mean": 0.7830865399999312,
        "median": 0.788267600000836,
        "min": 0.758516599998984,
        "max": 0.7975475999992341,
        "stdev": 0.014926914745582607,
        "raw": [
          0.788267600000836,
          0.7975475999992341,
          0.7811084999993909,
          0.758516599998984,
          0.7899924000012106
        ]
      },
      "speedup": 0.43
    }
  ],
  "discovery": [
    {
      "n_files": 10,
      "total_tests": 200,
      "fastest": {
        "mean": 0.011901880000004894,
        "median": 0.011981900001046597,
        "min": 0.011250199999267352,
        "max": 0.012299699999857694,
        "stdev": 0.00039527975177532077,
        "raw": [
          0.01209009999911359,
          0.011981900001046597,
          0.012299699999857694,
          0.011887500000739237,
          0.011250199999267352
        ]
      },
      "pytest": {
        "mean": 0.3881639199997153,
        "median": 0.39037610000013956,
        "min": 0.3754267999993317,
        "max": 0.3988822999999684,
        "stdev": 0.010928016687451617,
        "raw": [
          0.3754267999993317,
          0.37817639999957464,
          0.39795799999956216,
          0.3988822999999684,
          0.39037610000013956
        ]
      },
      "speedup": 32.61
    },
    {
      "n_files": 50,
      "total_tests": 1000,
      "fastest": {
        "mean": 0.016141980000247712,
        "median": 0.016093599999294383,
        "min": 0.015451400000529247,
        "max": 0.016852800001288415,
        "stdev": 0.0005107225689987001,
        "raw": [
          0.016852800001288415,
          0.015985099998943042,
          0.016093599999294383,
          0.016327000001183478,
          0.015451400000529247
        ]
      },
      "pytest": {
        "mean": 0.46923724000043876,
        "median": 0.4693031999995583,
        "min": 0.45192230000066047,
        "max": 0.48730670000077225,
        "stdev": 0.01572702684971962,
        "raw": [
          0.45192230000066047,
          0.4693031999995583,
          0.48730670000077225,
          0.4822937000008096,
          0.4553603000003932
        ]
      },
      "speedup": 29.07
    },
    {
      "n_files": 100,
      "total_tests": 2000,
      "fastest": {
        "mean": 0.018523359999380772,
        "median": 0.01843669999834674,
        "min": 0.01820679999946151,
        "max": 0.019015599998965627,
        "stdev": 0.0002991980161915174,
        "raw": [
          0.01843360000020766,
          0.01820679999946151,
          0.01843669999834674,
          0.019015599998965627,
          0.018524099999922328
        ]
      },
      "pytest": {
        "mean": 0.583397540000442,
        "median": 0.5778669999999693,
        "min": 0.5559035000005679,
        "max": 0.6213692000001174,
        "stdev": 0.025404903526498147,
        "raw": [
          0.6213692000001174,
          0.5778669999999693,
          0.5559035000005679,
          0.5678656000000046,
          0.5939824000015506
        ]
      },
      "speedup": 31.5
    },
    {
      "n_files": 250,
      "total_tests": 5000,
      "fastest": {
        "mean": 0.030688220000592993,
        "median": 0.03062090000094031,
        "min": 0.030072800000198185,
        "max": 0.03129790000093635,
        "stdev": 0.0004857060196423749,